<?xml version="1.0" encoding="UTF-8"?>
<odoo>
    <data>
        <record id="home_page" model="ir.ui.view">
            <field name="name">Home Page</field>
            <field name="type">qweb</field>
            <field name="key">website.homepage1</field>
            <field name="mode">primary</field>
            <field name="active">True</field>
            <field name="arch" type="xml">
                <t name="Homepage" t-name="website.homepage1">
                    <t t-call="website.layout">
                        <t t-set="pageName" t-value="'homepage'"/>
                        <div id="wrap" class="oe_structure oe_empty">
                            <section id="home-page">

                                <div id="myCarousel1562761762866"
                                     class="s_carousel carousel slide s_carousel_default"
                                     data-interval="10000">

                                    <div class="carousel-inner">
                                        <div class="carousel-item oe_custom_bg oe_img_bg pt64 pb64 active background_style"
                                             style="background-image: url(&quot;/web_openeducat/static/src/img/slider-1.jpg&quot;);"
                                             data-name="Slide">
                                            <div class="container">
                                                <div class="row content">
                                                    <div class="carousel-content col-12 col-sm-7 col-md-7 col-lg-7 d-flex flex-wrap align-content-center">
                                                        <div class="s_title pb8" data-name="Title">
                                                            <h1 class="text-white font-weight-bold">Make
                                                                Your Own World
                                                            </h1>
                                                        </div>
                                                        <p class="text_style text-white">Lorem ipsum dolor sit amet,
                                                            consectetur adipisicing elit,
                                                            sed do eiusmod tempor incididunt ut labore et dolore
                                                            magna aliqua. Ut enim
                                                            ad minim veniam, quis nostrud exercitation
                                                        </p>
                                                        <div class="text-left home_button" data-name="Buttons">
                                                            <a href="#"
                                                               class="btn btn_style font-weight-bold mr-4 bg-beta">
                                                                ABOUT US
                                                            </a>
                                                            <a href="#"
                                                               class="btn btn_style font-weight-bold bg-beta">
                                                                CONTACT US
                                                            </a>
                                                        </div>
                                                    </div>
                                                    <div class="col-12 col-sm-5 col-md-5 col-lg-5">
                                                        <img src="web_openeducat/static/src/img/single-slide-1.png"
                                                             class="image_style img-responsive"/>
                                                    </div>
                                                </div>
                                            </div>
                                        </div>
                                    </div>
                                </div>
                            </section>
                            <section id="home-page">
                                <div class="container-fluid">
                                    <div class="row paragraph m-2">
                                        <div class="col-12 col-sm-6 col-md-6 col-lg-3  bg-alpha">
                                            <div class="media">
                                                <div class="media-left">
                                                    <img src="web_openeducat/static/src/img/service-1.png"
                                                         class="mr-3 about_icon_style "/>
                                                </div>
                                                <div class="media-body">
                                                    <h5 class="font-weight-bold">Scholarship Facility</h5>
                                                    <p>Lorem ipsum dolor sit amet, conse ctetur adipi sicing elit,
                                                        sed do eiusm od tempor incidi dunt ut labore et dolore.
                                                    </p>
                                                </div>
                                            </div>
                                        </div>
                                        <div class="col-12 col-sm-6 col-md-6 col-lg-3  bg-beta">
                                            <div class="media">
                                                <div class="media-left">
                                                    <img src="web_openeducat/static/src/img/service-2.png"
                                                         class="mr-3 about_icon_style "/>
                                                </div>
                                                <div class="media-body text-white">
                                                    <h5 class="font-weight-bold">Student Management</h5>
                                                    <p>Lorem ipsum dolor sit amet, conse ctetur adipi sicing elit,
                                                        sed do eiusm od tempor incidi dunt ut labore et dolore.
                                                    </p>
                                                </div>
                                            </div>
                                        </div>
                                        <div class="col-12 col-sm-6 col-md-6 col-lg-3  bg-alpha">
                                            <div class="media">
                                                <div class="media-left">
                                                    <img src="web_openeducat/static/src/img/service-1.png"
                                                         class="mr-3 about_icon_style "/>
                                                </div>
                                                <div class="media-body text-white">
                                                    <h5 class="font-weight-bold">Library Management</h5>
                                                    <p>Lorem ipsum dolor sit amet, conse ctetur adipi sicing elit,
                                                        sed do eiusm od tempor incidi dunt ut labore et dolore.
                                                    </p>
                                                </div>
                                            </div>
                                        </div>
                                        <div class="col-12 col-sm-6 col-md-6 col-lg-3  bg-beta">
                                            <div class="media">
                                                <div class="media-left">
                                                    <img src="web_openeducat/static/src/img/service-1.png"
                                                         class="mr-3 about_icon_style "/>
                                                </div>
                                                <div class="media-body">
                                                    <h5 class="font-weight-bold">Placement Facility</h5>
                                                    <p>Lorem ipsum dolor sit amet, conse ctetur adipi sicing elit,
                                                        sed do eiusm od tempor incidi dunt ut labore et dolore.
                                                    </p>
                                                </div>
                                            </div>
                                        </div>

                                    </div>
                                </div>
                            </section>
                            <section id="about" class="pb64 ">
                                <div class="about">
                                    <div class="container">
                                        <div class="row">
                                            <div class="col-12 col-sm-6 col-md-6 col-lg-6 pb32">
                                                <div class="about_border">
                                                    <h2 class="font-weight-bold text_format">About
                                                        <span class="text-alpha font-weight-normal">US</span>
                                                    </h2>
                                                    <p class="text-alpha">
                                                        tempor incididunt ut labore et dolore magna aliqua. Ut enim ad
                                                        minim
                                                        veniam,
                                                        quis nostrud exercitation ullamco laboris nisi ut aliquip
                                                    </p>
                                                </div>
                                                <div>
                                                    <p class="pt-3">eiusmod tempor incididunt ut labore et dolore magna
                                                        aliqua. Ut enim ad minim ven iam, quis nostrud exer citation
                                                        ullamco
                                                        laboris nisi ut
                                                        perspiciatis unde omnis iste natus error sit voluptate.
                                                    </p>
                                                </div>
                                                <div class="pt16" data-name="Buttons">
                                                    <a href="#" class="btn btn-alpha about-btn font-weight-bold mr-4">
                                                        ABOUT US
                                                    </a>
                                                </div>
                                            </div>
                                            <div class="col-12 col-sm-6 col-lg-6 col-md-6">
                                                <div class="about-img">
                                                    <img src="web_openeducat/static/src/img/banner-1.jpg"
                                                         class="img-responsive"/>
                                                    <a target="_blank" class="video-btn video-popup"
                                                       href="https://www.youtube.com/watch?v=XLf7nL7xemQ">
                                                        <img class="img-responsive"
                                                             src="web_openeducat/static/src/img/video.png"/>
                                                    </a>
                                                </div>
                                            </div>
                                        </div>
                                    </div>
                                </div>
                            </section>
                            <section class="pb64 pt64 bg-img courses"
                                     style="background-image:url(&quot; /web_openeducat/static/src/img/bg-1.jpg &quot;)"
                                     id="ourcourse">
                                <div class="container">
                                    <div class="row mb64">
                                        <div class="col-12 col-sm-12 col-md-9 col-lg-9 mt64">
                                            <div class="course_border">
                                                <h2 class="font-weight-normal text-alpha text_format">Our
                                                    <span class="font-weight-bold text-black">Courses</span>
                                                </h2>
                                                <p>
                                                    tempor incididunt ut labore et dolore magna aliqua. Ut enim ad minim
                                                    <br/>
                                                    veniam
                                                    quis nostrud exercitation ullamco laboris nisi ut aliquip
                                                </p>
                                            </div>
                                        </div>
                                        <div class="col-12 col-sm-12 col-md-3 col-lg-3">
                                            <div data-name="Buttons">
                                                <a href="#" class="btn btn-alpha default-btn font-weight-bold">
                                                    VIEW MORE
                                                </a>
                                            </div>
                                        </div>
                                    </div>
                                    <div class="row">
                                        <div class="col-12 col-sm-4 col-md-4 col-lg-4 coursedetails pb32">
                                            <div class="hovereffect">
                                                <a href="#" target="_blank">
                                                    <img src="web_openeducat/static/src/img/course-1.jpg"
                                                         class="img-responsive"/>
                                                    <span class="heading">Addmission Going On</span>
                                                </a>
                                            </div>
                                            <div class="p-3 bg-white blog-content">
                                                <h5 class="font-weight-bold">
                                                    <a href="#">Apparel Manufacturing</a>
                                                </h5>
                                                <p>magna aliqua. Ut enim ad minim veniam, nisi ut aliquiptempor incid.
                                                </p>
                                            </div>
                                            <div class="overlay">
                                                <div class="bg-white icon_block">
                                                    <i class="fa fa-clock-o text-alpha icon_style"></i>
                                                    <span class="icon_text">Duration : 1yr</span>
                                                </div>
                                                <div class="bg-white">
                                                    <a class="btn icon_btn btn-primary font-weight-bold" href="#">APPLY
                                                        NOW
                                                    </a>
                                                </div>
                                            </div>

                                        </div>
                                        <div class="col-12 col-sm-4 col-md-4 col-lg-4 coursedetails pb32">
                                            <div class="hovereffect">
                                                <a href="#" target="_blank">
                                                    <img src="web_openeducat/static/src/img/course-2.jpg"
                                                         class="img-responsive"/>
                                                </a>
                                            </div>
                                            <div class="p-3 bg-white blog-content">
                                                <h5 class="font-weight-bold">
                                                    <a href="#">Graphic Design &amp; Multimedia</a>
                                                </h5>
                                                <p>magna aliqua. Ut enim ad minim veniam, nisi ut aliquiptempor incid.
                                                </p>
                                            </div>
                                            <div class="overlay">
                                                <div class="bg-white icon_block">
                                                    <i class="fa fa-clock-o text-alpha icon_style"></i>
                                                    <span class="icon_text">Duration : 2yrs</span>
                                                </div>
                                                <div class="bg-white">
                                                    <a class="btn icon_btn btn-primary font-weight-bold" href="#">APPLY
                                                        NOW
                                                    </a>
                                                </div>
                                            </div>

                                        </div>
                                        <div class="col-12 col-sm-4 col-md-4 col-lg-4 coursedetails">
                                            <div class="hovereffect">
                                                <a href="#" target="_blank">
                                                    <img src="web_openeducat/static/src/img/course-3.jpg"
                                                         class="img-responsive"/>
                                                </a>
                                                <span class="heading">Post Graduation Course</span>

                                            </div>
                                            <div class="p-3 bg-white blog-content">
                                                <h5 class="font-weight-bold ">
                                                    <a href="#">Computer Engineering</a>
                                                </h5>
                                                <p>magna aliqua. Ut enim ad minim veniam, nisi ut aliquiptempor incid.
                                                </p>
                                            </div>
                                            <div class="overlay">
                                                <div class="bg-white icon_block">
                                                    <i class="fa fa-clock-o text-alpha icon_style"></i>
                                                    <span class="icon_text">Duration : 4yrs</span>
                                                </div>
                                                <div class="bg-white">
                                                    <a class="btn icon_btn btn-primary font-weight-bold" href="#">APPLY
                                                        NOW
                                                    </a>
                                                </div>
                                            </div>
                                        </div>
                                    </div>
                                </div>
                            </section>

                            <section id="achieve" class="pb64 pt64">
                                <div class="achievment">
                                    <div class="container">
                                        <div class="row row_content">
                                            <div class="col-12 col-sm-12 col-md-12 col-lg-12">
                                                <div class="achievment_border">
                                                    <h2 class="text-black font-weight-bold text_format">Our
                                                        <span class="text-alpha font-weight-normal">Achievement</span>
                                                    </h2>
                                                    <p>tempor incididunt ut labore et dolore magna aliqua. Ut enim ad
                                                        minim
                                                        <br/>
                                                        veniam, quis nostrud exercitation ullamco laboris nisi ut
                                                        aliquip
                                                    </p>
                                                </div>
                                            </div>
                                        </div>
                                        <div class="row">
                                            <div class="col-12  col-sm-12-6 col-md-6 col-lg-3 single-count pb32 achieve_count">
                                                <div class="d-flex">
                                                    <div class="achive_icon">
                                                        <img src="web_openeducat/static/src/img/achieve-1.png" alt=""
                                                             class="mr-4"/>
                                                    </div>
                                                    <div class="achieve_heading">
                                                        <h2 class="text-alpha font-weight-bold">
                                                            <span style="font-size:1.5em;">890</span>
                                                        </h2>
                                                        <span class="font-weight-bold">STUDENTS</span>
                                                    </div>
                                                </div>
                                            </div>
                                            <div class="col-12  col-sm-12-6 col-md-6 col-lg-3 single-count pb32 achieve_count">
                                                <div class="d-flex">
                                                    <div class="achive_icon">
                                                        <img src="web_openeducat/static/src/img/achieve-2.png" alt=""
                                                             class="mr-4"/>
                                                    </div>
                                                    <div class="achieve_heading">
                                                        <h2 class="text-alpha font-weight-bold">
                                                            <span style="font-size:1.5em;">670</span>
                                                        </h2>
                                                        <span class="font-weight-bold">GRADUATE</span>
                                                    </div>

                                                </div>
                                            </div>
                                            <div class="col-12  col-sm-12-6 col-md-6 col-lg-3 single-count pb32 achieve_count">
                                                <div class="d-flex">
                                                    <div class="achive_icon">
                                                        <img src="web_openeducat/static/src/img/achieve-3.png" alt=""
                                                             class="mr-4"/>
                                                    </div>
                                                    <div class="achieve_heading">
                                                        <h2 class="text-alpha font-weight-bold">
                                                            <span style="font-size:1.5em;">160</span>
                                                        </h2>
                                                        <span class="font-weight-bold">AWARD WINNING</span>
                                                    </div>

                                                </div>
                                            </div>
                                            <div class="col-12  col-sm-12-6 col-md-6 col-lg-3 achieve_count">
                                                <div class="d-flex">
                                                    <div class="achive_icon">
                                                        <img src="web_openeducat/static/src/img/achieve-4.png" alt=""
                                                             class="mr-4"/>
                                                    </div>
                                                    <div class="achieve_heading">
                                                        <h2 class="text-alpha font-weight-bold">
                                                            <span style="font-size:1.5em;">200</span>
                                                        </h2>
                                                        <span class="font-weight-bold">FACULTIES</span>
                                                    </div>
                                                </div>
                                            </div>
                                        </div>
                                    </div>
                                </div>
                            </section>
                        </div>
                    </t>
                </t>
            </field>
        </record>
        <record id="home_option_1_demo_page" model="website.page">
            <field name="name">Home</field>
            <field name="url">/home-option-1</field>
            <field name="view_id" ref="web_openeducat.home_page"/>
            <field name="website_indexed">True</field>
            <field name="website_published">True</field>
            <field name="website_id" ref="website.default_website"/>
            <field name="is_homepage">True</field>
        </record>
    </data>
</odoo>
