<?xml version="1.0" encoding="utf-8"?>
<odoo>
    <data noupdate="1">

        <record id="op_res_partner_1" model="res.partner">
            <field name="name">Sumita</field>
            <field name="mobile">1234567001</field>
            <field name="image" type="base64"
                   file="openeducat_core/static/img/student_1.jpg"/>
        </record>

        <record id="op_res_partner_2" model="res.partner">
            <field name="name">Xun</field>
            <field name="mobile">1234567002</field>
            <field name="image" type="base64"
                   file="openeducat_core/static/img/student_2.jpg"/>
        </record>

        <record id="op_res_partner_3" model="res.partner">
            <field name="name">Liling</field>
            <field name="mobile">1234567003</field>
            <field name="image" type="base64"
                   file="openeducat_core/static/img/student_3.jpg"/>
        </record>

        <record id="op_res_partner_4" model="res.partner">
            <field name="name">Prachi</field>
            <field name="mobile">1234567004</field>
            <field name="image" type="base64"
                   file="openeducat_core/static/img/student_4.jpg"/>
        </record>

        <record id="op_res_partner_5" model="res.partner">
            <field name="name">Valdez</field>
            <field name="mobile">1234567005</field>
            <field name="image" type="base64"
                   file="openeducat_core/static/img/student_5.jpg"/>
        </record>

        <record id="op_res_partner_6" model="res.partner">
            <field name="name">Matthew</field>
            <field name="mobile">1234567006</field>
            <field name="image" type="base64"
                   file="openeducat_core/static/img/student_6.jpg"/>
        </record>

        <record id="op_res_partner_7" model="res.partner">
            <field name="name">Dawid</field>
            <field name="mobile">1234567007</field>
            <field name="image" type="base64"
                   file="openeducat_core/static/img/student_7.jpg"/>
        </record>

        <record id="op_res_partner_8" model="res.partner">
            <field name="name">Laura</field>
            <field name="mobile">1234567008</field>
            <field name="image" type="base64"
                   file="openeducat_core/static/img/student_8.jpg"/>
        </record>

        <record id="op_res_partner_9" model="res.partner">
            <field name="name">Rishita</field>
            <field name="mobile">1234567009</field>
            <field name="image" type="base64"
                   file="openeducat_core/static/img/student_9.jpg"/>
        </record>

        <record id="op_res_partner_10" model="res.partner">
            <field name="name">Abhinav</field>
            <field name="mobile">1234567010</field>
            <field name="image" type="base64"
                   file="openeducat_core/static/img/student_10.jpg"/>
        </record>

        <record id="op_res_partner_11" model="res.partner">
            <field name="name">Deepak</field>
            <field name="mobile">1234567011</field>
            <field name="image" type="base64"
                   file="openeducat_core/static/img/student_11.jpg"/>
        </record>

        <record id="op_res_partner_12" model="res.partner">
            <field name="name">Hung</field>
            <field name="mobile">1234567012</field>
            <field name="image" type="base64"
                   file="openeducat_core/static/img/student_12.jpg"/>
        </record>

        <record id="op_res_partner_13" model="res.partner">
            <field name="name">Qiang</field>
            <field name="mobile">1234567013</field>
            <field name="image" type="base64"
                   file="openeducat_core/static/img/student_13.jpg"/>
        </record>

        <record id="op_res_partner_14" model="res.partner">
            <field name="name">Hardik</field>
            <field name="mobile">1234567014</field>
            <field name="image" type="base64"
                   file="openeducat_core/static/img/student_14.jpg"/>
        </record>

        <record id="op_res_partner_15" model="res.partner">
            <field name="name">Shweta</field>
            <field name="mobile">1234567015</field>
            <field name="image" type="base64"
                   file="openeducat_core/static/img/student_15.jpg"/>
        </record>

        <record id="op_res_partner_16" model="res.partner">
            <field name="name">Daniel</field>
            <field name="mobile">1234567016</field>
            <field name="image" type="base64"
                   file="openeducat_core/static/img/student_16.jpg"/>
        </record>

        <record id="op_res_partner_17" model="res.partner">
            <field name="name">Alexis</field>
            <field name="mobile">1234567017</field>
            <field name="image" type="base64"
                   file="openeducat_core/static/img/student_17.jpg"/>
        </record>

        <record id="op_res_partner_18" model="res.partner">
            <field name="name">Mason</field>
            <field name="mobile">1234567018</field>
            <field name="image" type="base64"
                   file="openeducat_core/static/img/student_18.jpg"/>
        </record>

        <record id="op_res_partner_19" model="res.partner">
            <field name="name">Grace</field>
            <field name="mobile">1234567019</field>
            <field name="image" type="base64"
                   file="openeducat_core/static/img/student_19.jpg"/>
        </record>

        <record id="op_res_partner_20" model="res.partner">
            <field name="name">Isaac</field>
            <field name="mobile">1234567020</field>
            <field name="image" type="base64"
                   file="openeducat_core/static/img/student_20.jpg"/>
        </record>


        <record id="op_res_partner_21" model="res.partner">
            <field name="name">Aadolf</field>
            <field name="mobile">1234567021</field>
            <field name="image" type="base64"
                   file="openeducat_core/static/img/faculty_1.jpg"/>
        </record>

        <record id="op_res_partner_22" model="res.partner">
            <field name="name">Dylan</field>
            <field name="mobile">1234567022</field>
            <field name="image" type="base64"
                   file="openeducat_core/static/img/faculty_2.jpg"/>
        </record>

        <record id="op_res_partner_23" model="res.partner">
            <field name="name">Lucia</field>
            <field name="mobile">1234567023</field>
            <field name="image" type="base64"
                   file="openeducat_core/static/img/faculty_3.jpg"/>
        </record>

        <record id="op_res_partner_24" model="res.partner">
            <field name="name">Badru</field>
            <field name="mobile">1234567024</field>
            <field name="image" type="base64"
                   file="openeducat_core/static/img/faculty_4.jpg"/>
        </record>

        <record id="op_res_partner_25" model="res.partner">
            <field name="name">Maaike</field>
            <field name="mobile">1234567025</field>
            <field name="image" type="base64"
                   file="openeducat_core/static/img/faculty_5.jpg"/>
        </record>

        <record id="op_res_partner_26" model="res.partner">
            <field name="name">Jaspal Singh</field>
            <field name="mobile">1234567026</field>
            <field name="image" type="base64"
                   file="openeducat_core/static/img/faculty_6.jpg"/>
        </record>

        <record id="op_res_partner_27" model="res.partner">
            <field name="name">Sanjana</field>
            <field name="mobile">1234567027</field>
            <field name="image" type="base64"
                   file="openeducat_core/static/img/faculty_7.jpg"/>
        </record>

        <record id="op_res_partner_28" model="res.partner">
            <field name="name">Tanya</field>
            <field name="mobile">1234567028</field>
            <field name="image" type="base64"
                   file="openeducat_core/static/img/faculty_8.jpg"/>
        </record>

        <record id="op_res_partner_29" model="res.partner">
            <field name="name">Chang</field>
            <field name="mobile">1234567029</field>
            <field name="image" type="base64"
                   file="openeducat_core/static/img/faculty_9.jpg"/>
        </record>

        <record id="op_res_partner_30" model="res.partner">
            <field name="name">Komal</field>
            <field name="mobile">1234567030</field>
            <field name="image" type="base64"
                   file="openeducat_core/static/img/faculty_10.jpg"/>
        </record>

        <record id="op_res_partner_31" model="res.partner">
            <field name="name">Siddharth</field>
            <field name="mobile">1234567031</field>
            <field name="email">siddharth@demo.com</field>
        </record>

        <record id="op_res_partner_32" model="res.partner">
            <field name="name">Ajay</field>
            <field name="mobile">1234567032</field>
            <field name="email">ajay@demo.com</field>
        </record>

    </data>
</odoo>
