<?xml version="1.0" encoding="utf-8"?>
<odoo>
    <data noupdate="1">
        <record id="op_exam_venus" model="res.partner">
            <field name="name">Block 1</field>
            <field name="is_venue" eval="True"/>
        </record>

        <record id="op_exam_session_1" model="op.exam.session">
            <field name="exam_code">BOA-E001</field>
            <field name="name">BOA-Exam-001</field>
            <field name="evaluation_type">normal</field>
            <field name="venue" ref="op_exam_venus"/>
            <field name="exam_type" ref="op_exam_type_1"/>
            <field name="course_id" ref="openeducat_core.op_course_2"/>
            <field name="batch_id" ref="openeducat_core.op_batch_1"/>
            <field name="start_date"
                eval="(DateTime.today() - relativedelta(months=2)).strftime('%Y-%m-01 %H:%M')" />
            <field name="end_date"
                   eval="(DateTime.today() - relativedelta(months=2)).strftime('%Y-%m-04 %H:%M')"/>
            <field name="state">done</field>
        </record>

        <record id="op_exam_session_2" model="op.exam.session">
            <field name="exam_code">LRTP-E01</field>
            <field name="name">LRTP-Exam-001</field>
            <field name="evaluation_type">grade</field>
            <field name="venue" ref="op_exam_venus"/>
            <field name="exam_type" ref="op_exam_type_1"/>
            <field name="course_id" ref="openeducat_core.op_course_4"/>
            <field name="batch_id" ref="openeducat_core.op_batch_3"/>
            <field name="start_date"
                eval="(DateTime.today() - relativedelta(months=2)).strftime('%Y-%m-11 %H:%M')" />
            <field name="end_date"
                   eval="(DateTime.today() - relativedelta(months=2)).strftime('%Y-%m-15 %H:%M')"/>
            <field name="state">done</field>
        </record>

        <record id="op_exam_session_3" model="op.exam.session">
            <field name="exam_code">IELTS</field>
            <field name="name">IELTS-Exam-001</field>
            <field name="evaluation_type">normal</field>
            <field name="venue" ref="op_exam_venus"/>
            <field name="exam_type" ref="op_exam_type_1"/>
            <field name="course_id" ref="openeducat_core.op_course_5"/>
            <field name="batch_id" ref="openeducat_core.op_batch_4"/>
            <field name="start_date"
                eval="(DateTime.today() - relativedelta(months=2)).strftime('%Y-%m-17 %H:%M')" />
            <field name="end_date"
                eval="(DateTime.today() - relativedelta(months=2)).strftime('%Y-%m-21 %H:%M')" />
        </record>

    </data>
</odoo>
