<?xml version="1.0" encoding="utf-8"?>
<odoo>
    <data noupdate="1">

        <record id="op_exam_room_1" model="op.exam.room">
            <field name="name">Room-001</field>
            <field name="capacity">30</field>
            <field name="classroom_id" ref="openeducat_classroom.op_classroom_2" />
        </record>

        <record id="op_exam_room_2" model="op.exam.room">
            <field name="name">Room-002</field>
            <field name="capacity">30</field>
            <field name="classroom_id" ref="openeducat_classroom.op_classroom_3" />
        </record>

    </data>
</odoo>
