<?xml version="1.0" encoding="utf-8"?>
<!-- Copyright Nova Code (http://www.novacode.nl)
See LICENSE file for full licensing details. -->

<odoo>
    <data>
        <record id="css_bootstrap_3_3_7" model="ir.attachment">
            <field name="name">https://maxcdn.bootstrapcdn.com/bootstrap/3.3.7/css/bootstrap.min.css</field>
            <field name="type">url</field>
            <field name="res_model">formio.version.asset</field>
            <field name="public" eval="True"/>
            <field name="url">/formio/static/lib/bootstrap/3.3.7/bootstrap.min.css</field>
        </record>

        <record id="css_bootstrap_4_1_3" model="ir.attachment">
            <field name="name">bootstrap 4.1.3 bootstrap.min.css</field>
            <field name="type">url</field>
            <field name="res_model">formio.version.asset</field>
            <field name="public" eval="True"/>
            <field name="url">/formio/static/lib/bootstrap/4.1.3/bootstrap.min.css</field>
        </record>

        <!-- 4.9.26 -->
        <record id="css_formio_4_9_26" model="ir.attachment">
            <field name="name">formio 4.9.26 formio.full.min.css</field>
            <field name="type">url</field>
            <field name="res_model">formio.version.asset</field>
            <field name="public" eval="True"/>
            <field name="url">/formio/static/lib/formiojs/4.9.26/formio.full.min.css</field>
        </record>
        <record id="js_formio_4_9_26" model="ir.attachment">
            <field name="name">formio 4.9.26 formio.full.min.js</field>
            <field name="type">url</field>
            <field name="res_model">formio.version.asset</field>
            <field name="public" eval="True"/>
            <field name="url">/formio/static/lib/formiojs/4.9.26/formio.full.min.js</field>
        </record>

        <record id="asset_4_9_26_bootstrap_css" model="formio.version.asset">
            <field name="version_id" ref="formio.version_4_9_26"/>
            <field name="sequence">1</field>
            <field name="type">css</field>
            <field name="attachment_id" ref="formio.css_bootstrap_4_1_3"/>
        </record>
        <record id="asset_4_9_26_css" model="formio.version.asset">
            <field name="version_id" ref="formio.version_4_9_26"/>
            <field name="sequence">2</field>
            <field name="type">css</field>
            <field name="attachment_id" ref="formio.css_formio_4_9_26"/>
        </record>
        <record id="asset_4_9_26_js" model="formio.version.asset">
            <field name="version_id" ref="formio.version_4_9_26"/>
            <field name="sequence">2</field>
            <field name="type">js</field>
            <field name="attachment_id" ref="formio.js_formio_4_9_26"/>
        </record>

        <!-- 4.9.23 -->
        <record id="css_formio_4_9_23" model="ir.attachment">
            <field name="name">formio 4.9.23 formio.full.min.css</field>
            <field name="type">url</field>
            <field name="res_model">formio.version.asset</field>
            <field name="public" eval="True"/>
            <field name="url">/formio/static/lib/formiojs/4.9.23/formio.full.min.css</field>
        </record>
        <record id="js_formio_4_9_23" model="ir.attachment">
            <field name="name">formio 4.9.23 formio.full.min.js</field>
            <field name="type">url</field>
            <field name="res_model">formio.version.asset</field>
            <field name="public" eval="True"/>
            <field name="url">/formio/static/lib/formiojs/4.9.23/formio.full.min.js</field>
        </record>

        <record id="asset_4_9_23_bootstrap_css" model="formio.version.asset">
            <field name="version_id" ref="formio.version_4_9_23"/>
            <field name="sequence">1</field>
            <field name="type">css</field>
            <field name="attachment_id" ref="formio.css_bootstrap_4_1_3"/>
        </record>
        <record id="asset_4_9_23_css" model="formio.version.asset">
            <field name="version_id" ref="formio.version_4_9_23"/>
            <field name="sequence">2</field>
            <field name="type">css</field>
            <field name="attachment_id" ref="formio.css_formio_4_9_23"/>
        </record>
        <record id="asset_4_9_23_js" model="formio.version.asset">
            <field name="version_id" ref="formio.version_4_9_23"/>
            <field name="sequence">2</field>
            <field name="type">js</field>
            <field name="attachment_id" ref="formio.js_formio_4_9_23"/>
        </record>

        <!-- 4.7.8 -->
        <record id="css_formio_4_7_8" model="ir.attachment">
            <field name="name">formio 4.7.8 formio.full.min.css</field>
            <field name="type">url</field>
            <field name="res_model">formio.version.asset</field>
            <field name="public" eval="True"/>
            <field name="url">/formio/static/lib/formiojs/4.7.8/formio.full.min.css</field>
        </record>
        <record id="js_formio_4_7_8" model="ir.attachment">
            <field name="name">formio 4.7.8 formio.full.min.js</field>
            <field name="type">url</field>
            <field name="res_model">formio.version.asset</field>
            <field name="public" eval="True"/>
            <field name="url">/formio/static/lib/formiojs/4.7.8/formio.full.min.js</field>
        </record>

        <record id="asset_4_7_8_bootstrap_css" model="formio.version.asset">
            <field name="version_id" ref="formio.version_4_7_8"/>
            <field name="sequence">1</field>
            <field name="type">css</field>
            <field name="attachment_id" ref="formio.css_bootstrap_4_1_3"/>
        </record>
        <record id="asset_4_7_8_css" model="formio.version.asset">
            <field name="version_id" ref="formio.version_4_7_8"/>
            <field name="sequence">2</field>
            <field name="type">css</field>
            <field name="attachment_id" ref="formio.css_formio_4_7_8"/>
        </record>
        <record id="asset_4_7_8_js" model="formio.version.asset">
            <field name="version_id" ref="formio.version_4_7_8"/>
            <field name="sequence">2</field>
            <field name="type">js</field>
            <field name="attachment_id" ref="formio.js_formio_4_7_8"/>
        </record>

        <!-- 3.27.3 -->
        <record id="css_formio_3_27_3" model="ir.attachment">
            <field name="name">formio 3.27.3 formio.full.min.css</field>
            <field name="type">url</field>
            <field name="res_model">formio.version.asset</field>
            <field name="public" eval="True"/>
            <field name="url">/formio/static/lib/formiojs/3.27.3/formio.full.min.css</field>
        </record>
        <record id="js_formio_3_27_3" model="ir.attachment">
            <field name="name">formio 3.27.3 formio.full.min.js</field>
            <field name="type">url</field>
            <field name="res_model">formio.version.asset</field>
            <field name="public" eval="True"/>
            <field name="url">/formio/static/lib/formiojs/3.27.3/formio.full.min.js</field>
        </record>

        <record id="asset_3_27_3_bootstrap_css" model="formio.version.asset">
            <field name="version_id" ref="formio.version_3_27_3"/>
            <field name="sequence">1</field>
            <field name="type">css</field>
            <field name="attachment_id" ref="formio.css_bootstrap_3_3_7"/>
        </record>
        <record id="asset_3_27_3_css" model="formio.version.asset">
            <field name="version_id" ref="formio.version_3_27_3"/>
            <field name="sequence">2</field>
            <field name="type">css</field>
            <field name="attachment_id" ref="formio.css_formio_3_27_3"/>
        </record>
        <record id="asset_3_27_3_js" model="formio.version.asset">
            <field name="version_id" ref="formio.version_3_27_3"/>
            <field name="sequence">2</field>
            <field name="type">js</field>
            <field name="attachment_id" ref="formio.js_formio_3_27_3"/>
        </record>

        <!-- 3.6.6 -->
        <record id="css_formio_3_6_6" model="ir.attachment">
            <field name="name">formio 3.6.6 formio.full.min.css</field>
            <field name="type">url</field>
            <field name="res_model">formio.version.asset</field>
            <field name="public" eval="True"/>
            <field name="url">/formio/static/lib/formiojs/3.6.6/formio.full.min.css</field>
        </record>
        <record id="js_formio_3_6_6" model="ir.attachment">
            <field name="name">formio 3.6.6 formio.full.min.js</field>
            <field name="type">url</field>
            <field name="res_model">formio.version.asset</field>
            <field name="public" eval="True"/>
            <field name="url">/formio/static/lib/formiojs/3.6.6/formio.full.min.js</field>
        </record>
        
        <record id="asset_3_6_6_bootstrap_css" model="formio.version.asset">
            <field name="version_id" ref="formio.version_3_6_6"/>
            <field name="sequence">1</field>
            <field name="type">css</field>
            <field name="attachment_id" ref="formio.css_bootstrap_3_3_7"/>
        </record>
        <record id="asset_3_6_6_css" model="formio.version.asset">
            <field name="version_id" ref="formio.version_3_6_6"/>
            <field name="sequence">2</field>
            <field name="type">css</field>
            <field name="attachment_id" ref="formio.css_formio_3_6_6"/>
        </record>
        <record id="asset_3_6_6_js" model="formio.version.asset">
            <field name="version_id" ref="formio.version_3_6_6"/>
            <field name="sequence">2</field>
            <field name="type">js</field>
            <field name="attachment_id" ref="formio.js_formio_3_6_6"/>
        </record>
    </data>
</odoo>
