<?xml version="1.0" encoding="utf-8"?>
<odoo>
    <data noupdate="1">

        <record id="op_author_1" model="op.author">
            <field name="name">Mathew James</field>
        </record>

        <record id="op_author_2" model="op.author">
            <field name="name">Janet Gabreiel</field>
        </record>

        <record id="op_author_3" model="op.author">
            <field name="name">Josh Tenenbaum</field>
        </record>

        <record id="op_author_4" model="op.author">
            <field name="name">Dr. P. R. Narayan</field>
        </record>

        <record id="op_author_5" model="op.author">
            <field name="name">Tamboli and Jha</field>
        </record>

        <record id="op_author_6" model="op.author">
            <field name="name">K. Rajnathan</field>
        </record>

    </data>
</odoo>
