<?xml version="1.0" encoding="utf-8"?>
<odoo>
    <data noupdate="1">

        <record id="op_media_queue_1" model="op.media.queue">
            <field name="media_id" ref="op_media_3" />
            <field name="state">request</field>
            <field name="date_from" eval="(DateTime.today())"/>
            <field name="date_to" eval="(DateTime.today() + relativedelta(days=15))"/>
        </record>

        <record id="op_media_queue_2" model="op.media.queue">
            <field name="media_id" ref="op_media_3" />
            <field name="state">request</field>
            <field name="date_from" eval="(DateTime.today())"/>
            <field name="date_to" eval="(DateTime.today() + relativedelta(days=11))"/>
        </record>

        <record id="op_media_queue_3" model="op.media.queue">
            <field name="media_id" ref="op_media_3" />
            <field name="state">request</field>
            <field name="date_from" eval="(DateTime.today())"/>
            <field name="date_to" eval="(DateTime.today() + relativedelta(days=14))"/>
        </record>

        <record id="op_media_queue_4" model="op.media.queue">
            <field name="media_id" ref="op_media_3" />
            <field name="state">request</field>
            <field name="date_from" eval="(DateTime.today())"/>
            <field name="date_to" eval="(DateTime.today() + relativedelta(days=12))"/>
        </record>

        <record id="op_media_queue_5" model="op.media.queue">
            <field name="media_id" ref="op_media_3" />
            <field name="state">accept</field>
            <field name="date_from" eval="(DateTime.today())"/>
            <field name="date_to" eval="(DateTime.today() + relativedelta(days=13))"/>
        </record>
    </data>
</odoo>
