<?xml version="1.0" encoding="utf-8"?>
<odoo>
    <data noupdate="1">
        <record id="op_media_purchase_1" model="op.media.purchase">
            <field name="name">Accounting Made Simple</field>
            <field name="media_type_id" ref="openeducat_library.media_type_1"/>
            <field name="course_ids" ref="openeducat_core.op_course_3"/>
            <field name="subject_ids" ref="openeducat_core.op_subject_1"/>
            <field name="author">Mike Piper</field>
            <field name="publisher">Delhi Publications</field>
            <field name="requested_id" ref="base.partner_root"/>
            <field name="edition">1st</field>
            <field name="state">draft</field>
        </record>

        <record id="op_media_purchase_2" model="op.media.purchase">
            <field name="name">Financial Management</field>
            <field name="media_type_id" ref="openeducat_library.media_type_2"/>
            <field name="course_ids" ref="openeducat_core.op_course_3"/>
            <field name="subject_ids" ref="openeducat_core.op_subject_1"/>
            <field name="author">Michael Ehrhardt</field>
            <field name="publisher">Arcade Publications</field>
            <field name="requested_id" ref="base.partner_root"/>
            <field name="edition">2nd</field>
            <field name="state">accept</field>
        </record>

        <record id="op_media_purchase_3" model="op.media.purchase">
            <field name="name">Financial Shenanigans</field>
            <field name="media_type_id" ref="openeducat_library.media_type_3"/>
            <field name="course_ids" ref="openeducat_core.op_course_3"/>
            <field name="subject_ids" ref="openeducat_core.op_subject_1"/>
            <field name="author">Jeremy Bueinda</field>
            <field name="publisher">Express Publication</field>
            <field name="requested_id" ref="base.partner_root"/>
            <field name="edition">3rd</field>
            <field name="state">request</field>
        </record>
    </data>
</odoo>
