<?xml version="1.0" encoding="utf-8"?>
<odoo>
    <data noupdate="1">

        <record id="res_partner_34" model="res.partner">
            <field name="name">Parth</field>
            <field name="email">parth@demo.com</field>
        </record>

        <record id="res_user_lib" model="res.users">
            <field name="login">librarian@openeducat.com</field>
            <field name="password">librarian</field>
            <field name="partner_id" ref="openeducat_library.res_partner_34"/>
            <field name="company_id" ref="base.main_company" />
            <field name="groups_id" eval="[(4,ref('openeducat_library.group_op_library'))]"/>
        </record>

    </data>
</odoo>
